Zoombox,Arabelle,Fred,396430.53,2016-12-09,Pending
Jaloo,Buffy,Jason,387638.91,2017-09-03,Churn
Edgepulse,Harbert,Paul,178158.63,2017-01-23,Churn
Avaveo,Nichole,Lara,153420.62,2017-03-01,Pending
Myworks,Jessalyn,Kelly,288399.78,2017-07-02,Churn
Browsetype,Tiena,Jason,447068.65,2017-02-14,Churn
Teklist,Karoline,Lara,485089.34,2017-09-05,Initial
Jabbercube,Art,Kelly,36015.66,2017-08-08,Pending
Zoonoodle,Kirbee,Fred,377633.92,2016-11-19,Churn
Babbleopia,Camellia,Paul,411943.81,2017-05-09,Closed
Bubbletube,Chiarra,Lara,314088.64,2017-10-01,Completed
Edgeblab,Silas,Paul,436038.33,2017-02-03,Initial
Babbleblab,Gerrilee,Jason,5178.30,2017-02-28,Initial
Vinder,Auria,Alexander,207738.07,2017-02-10,Churn
Ooba,Devlen,Jason,17110.34,2016-11-19,Initial
Yacero,Sig,Alexander,100212.49,2017-03-02,Churn
Topicstorm,Aurie,Fred,372666.63,2017-09-28,Churn
Ailane,Meggie,Kelly,40049.89,2017-10-08,Initial
Feedspan,Gabriell,Kelly,427552.04,2017-05-09,Pending
Vinder,Oswald,Fred,400650.12,2017-08-16,Churn
Shuffledrive,Wynn,Fred,116400.48,2017-08-28,Closed
Flipbug,Roselle,Paul,10028.10,2017-01-21,Churn
Thoughtstorm,Rufus,Fred,22467.00,2017-01-20,Closed
Avamm,Maxy,Lara,321612.13,2017-02-25,Completed
Bubblemix,Clo,Paul,221000.22,2017-06-15,Completed
Thoughtstorm,Glennis,Paul,135700.36,2017-07-08,Pending
Buzzdog,Cherida,Jason,356631.80,2017-04-24,Completed
Blogtags,Gracie,Alexander,32084.50,2017-08-01,Completed
Eare,Kilian,Paul,273646.19,2016-12-14,Pending
Rhyzio,Ophelia,Lara,79977.22,2017-10-05,Closed
Mydo,Brooks,Lara,488942.45,2017-07-15,Closed
Devcast,Major,Fred,113628.97,2017-10-04,Closed
Edgetag,Roby,Alexander,75609.00,2017-03-22,Completed
Blogspan,Cad,Alexander,171784.29,2017-01-18,Closed
Centidel,Gabrila,Paul,3821.79,2017-10-04,Completed
Flipbug,Shannon,Fred,47744.26,2016-11-20,Pending
Miboo,Dominique,Jason,548.68,2017-03-24,Churn
Jayo,Corby,Paul,176902.97,2017-10-10,Completed
Topicshots,Hugh,Lara,66693.69,2017-09-30,Completed
Demizz,Fionnula,Kelly,233879.70,2017-02-12,Initial
Tagopia,Kristofor,Paul,208651.88,2017-02-26,Initial
Dabfeed,Pavia,Alexander,434685.42,2017-09-24,Churn
Fiveclub,Pancho,Paul,39341.92,2017-05-15,Churn
Meevee,Ernesta,Alexander,244039.02,2017-05-22,Churn
Realmix,Tybi,Fred,307766.98,2016-11-13,Closed
Fivebridge,Bryan,Alexander,247465.24,2017-01-06,Initial
Skajo,Kipp,Paul,141439.67,2017-08-26,Closed
Meembee,Mirabella,Paul,89341.10,2017-04-11,Initial
Wikibox,Hallsy,Jason,286386.85,2017-03-22,Completed
Gigabox,Becka,Lara,292506.67,2017-01-18,Initial
Mymm,Roselia,Lara,130755.25,2017-05-19,Churn
Zoomdog,Noach,Jason,143040.76,2017-09-26,Completed
Podcat,Dorie,Kelly,76783.83,2016-12-04,Completed
Skajo,Merrily,Paul,434877.50,2017-06-04,Completed
Oyoba,Cleo,Lara,109791.50,2017-01-04,Churn
Thoughtsphere,Fina,Jason,124556.50,2017-05-04,Churn
Chatterbridge,Kimmy,Paul,433714.48,2016-12-28,Closed
Skyba,Alden,Kelly,297543.05,2017-01-10,Initial
Pixoboo,Timotheus,Paul,4881.74,2017-01-23,Completed
Minyx,Bertha,Alexander,65602.91,2017-05-09,Churn
Eimbee,Celle,Alexander,95165.77,2017-04-09,Pending
Thoughtworks,Angelika,Paul,427771.11,2016-12-18,Closed
Kanoodle,Abby,Paul,97490.74,2017-09-10,Closed
Thoughtbridge,Peggie,Paul,97507.58,2016-12-29,Churn
Dynazzy,Alfonso,Kelly,491420.14,2017-01-11,Completed
Skimia,Sarena,Alexander,219176.28,2016-11-16,Closed
Yadel,Ginni,Paul,33856.81,2017-04-18,Initial
Twitterbeat,Enrico,Kelly,194980.21,2017-06-24,Completed
Oyondu,Lev,Alexander,292229.03,2017-04-28,Completed
Edgetag,Thaine,Fred,291888.53,2017-05-03,Churn
Brainverse,Reece,Lara,409891.61,2017-09-03,Closed
Oodoo,Goldina,Alexander,74108.94,2017-10-08,Initial
Rhynyx,Aubrey,Kelly,295176.20,2017-01-14,Churn
Fivechat,Emmey,Alexander,65949.98,2017-06-02,Initial
Topicware,Sorcha,Paul,461663.97,2017-05-30,Initial
Plambee,Augustus,Fred,495506.10,2017-05-10,Completed
Izio,Oneida,Fred,398371.33,2017-08-02,Closed
Photobean,Linnie,Kelly,23123.75,2017-06-19,Closed
Realpoint,Tallou,Jason,16133.39,2016-12-05,Churn
Twitterlist,Verla,Paul,283049.77,2017-05-10,Churn
Skinder,Elvera,Paul,289498.39,2017-04-06,Initial
Rhyloo,Finn,Jason,185590.10,2017-10-02,Pending
Fanoodle,Fletcher,Kelly,270097.72,2017-06-02,Closed
Livetube,Barn,Paul,301371.06,2017-05-16,Closed
Riffpedia,Matilde,Kelly,209321.53,2016-11-20,Closed
Meevee,Henri,Fred,272697.86,2017-10-17,Pending
Devcast,Gaultiero,Fred,113355.53,2017-04-26,Closed
Roomm,Rosabel,Jason,259568.33,2017-02-06,Pending
Oodoo,Rudiger,Paul,380087.23,2017-10-07,Churn
Yakidoo,Rosco,Jason,250188.52,2016-12-19,Completed
Eare,Traci,Lara,85820.36,2017-07-03,Churn
Feedbug,Julietta,Alexander,186052.88,2017-06-17,Closed
Yamia,Lyssa,Kelly,203893.91,2017-01-22,Churn
Realblab,Joellyn,Alexander,242122.27,2017-07-19,Churn
Gigaclub,Elmo,Jason,75066.28,2017-07-01,Initial
Wordify,Simonette,Paul,62792.28,2017-05-04,Churn
Jayo,Luis,Lara,173747.85,2017-01-18,Completed
Demizz,Heddi,Lara,496042.65,2017-02-16,Churn
Kwideo,Alvan,Kelly,420152.93,2017-09-24,Initial
Jetpulse,Clemmy,Lara,179262.57,2016-12-10,Pending
Skipfire,Reggi,Alexander,423740.84,2017-05-05,Closed
Kayveo,Lucien,Fred,417357.40,2017-01-10,Initial
Rhyloo,Lewie,Alexander,236803.08,2016-10-22,Initial
Buzzdog,Andras,Fred,452048.67,2016-11-02,Closed
Camido,Mariette,Lara,399922.00,2017-07-06,Closed
Lajo,Rubetta,Alexander,399307.14,2016-11-23,Churn
Jetwire,Lacee,Kelly,272918.26,2017-01-10,Pending
Browsedrive,Jonathan,Alexander,242492.77,2017-07-22,Closed
Latz,Leena,Paul,99738.26,2017-09-17,Closed
Eadel,Isabella,Lara,310255.26,2016-11-29,Initial
Photobean,Wallis,Alexander,272565.17,2016-10-21,Churn
Wikibox,Bartholomew,Alexander,314469.28,2017-07-15,Completed
Bubblebox,Konstanze,Fred,415669.39,2017-03-17,Churn
Oodoo,Giacobo,Alexander,371012.17,2017-08-03,Completed
Meejo,Neysa,Paul,468616.06,2017-09-28,Pending
Avamm,Adelaida,Alexander,145232.15,2017-05-17,Pending
Brainlounge,Ursa,Lara,11349.77,2016-11-10,Closed
Agivu,Clemmy,Lara,192119.30,2017-10-17,Closed
Dabtype,Adam,Paul,484300.86,2016-12-14,Completed
Minyx,Dillie,Jason,78448.26,2016-12-05,Closed
Cogibox,Karlene,Lara,232773.41,2017-04-06,Pending
Skyvu,Leonora,Alexander,470322.92,2016-11-27,Pending
Photobean,Kimberly,Jason,176915.73,2017-10-03,Churn
Browsetype,Robinia,Fred,233354.59,2017-04-30,Initial
Voonder,Mavra,Lara,395764.64,2017-09-25,Churn
Bluejam,Chandler,Paul,103180.52,2017-01-16,Closed
Skyndu,Rory,Kelly,22403.33,2017-07-27,Closed
Miboo,Aretha,Paul,40822.33,2017-04-01,Initial
Gabtune,Paton,Jason,185905.54,2017-03-28,Pending
Oyonder,Keenan,Fred,456432.42,2017-05-18,Churn
Omba,Wolfie,Jason,395124.38,2016-12-17,Pending
Meemm,Ciel,Paul,169909.26,2017-03-13,Completed
Zoombeat,Orsola,Alexander,201038.91,2017-04-07,Churn
Skinix,Sayer,Kelly,349189.80,2017-02-19,Completed
Skinte,Dorise,Lara,111968.71,2017-01-09,Completed
Livepath,Elwira,Paul,212483.44,2016-12-10,Initial
Babbleblab,Jane,Lara,404991.75,2016-12-25,Pending
Fivespan,Barthel,Kelly,36811.44,2016-12-10,Churn
Blogpad,Devora,Paul,499688.29,2017-05-27,Churn
Feednation,Fonsie,Paul,157229.15,2016-10-29,Initial
Tekfly,Adan,Kelly,33353.23,2017-06-11,Closed
Skippad,Gabbie,Alexander,316443.16,2017-07-23,Pending
Dynabox,Fae,Jason,317536.15,2017-05-17,Pending
Realbuzz,Trueman,Lara,266480.62,2016-11-05,Closed
Gabspot,Elysee,Alexander,259540.35,2017-03-29,Initial
Mydo,Fedora,Jason,81915.43,2016-11-15,Churn
Omba,Agace,Kelly,52607.65,2017-07-09,Initial
Yoveo,Rosella,Alexander,287571.79,2017-04-30,Pending
Skivee,Ezekiel,Kelly,415835.10,2017-09-18,Initial
Rhycero,Prue,Alexander,144119.24,2017-07-22,Initial
Twitterwire,Tristam,Lara,227805.18,2017-02-09,Closed
Chatterbridge,Dinny,Jason,364954.93,2017-05-20,Pending
Yakitri,Consuela,Jason,393046.08,2017-01-01,Closed
Twitternation,Melessa,Jason,196160.70,2017-08-13,Pending
Linktype,Grethel,Lara,124921.41,2017-04-12,Churn
Topicblab,Mara,Jason,316153.28,2017-07-12,Initial
Topicshots,Edna,Lara,186720.37,2017-09-24,Churn
Meevee,Skyler,Fred,304873.88,2017-01-06,Churn
Leexo,Joell,Alexander,373063.87,2016-12-12,Pending
Centimia,Harmon,Paul,145960.48,2017-07-03,Churn
Katz,Noach,Paul,256111.80,2016-12-01,Closed
Thoughtstorm,Cristian,Kelly,19977.73,2017-02-10,Churn
Rhynyx,Joellen,Fred,73510.08,2017-04-29,Closed
Plambee,Charlton,Alexander,11799.30,2017-05-20,Closed
Thoughtbeat,Alane,Lara,233824.64,2017-01-08,Completed
Zooveo,Maurise,Fred,59266.33,2016-12-07,Initial
Browseblab,Rafaellle,Jason,272591.63,2017-09-28,Completed
Leexo,Reta,Jason,208555.21,2017-08-09,Churn
Skipstorm,Nate,Jason,39410.46,2017-08-19,Closed
Mybuzz,Lesli,Alexander,415527.57,2017-08-25,Pending
Skippad,Dena,Paul,273991.46,2017-09-02,Pending
Brainsphere,Lotta,Fred,337728.87,2017-01-19,Churn
Lazzy,Kerrie,Jason,227944.32,2017-02-05,Churn
Centidel,Brandise,Kelly,145512.66,2016-12-21,Pending
Realfire,Christabel,Alexander,97197.27,2016-11-27,Closed
Yakidoo,Almeta,Alexander,232413.17,2017-04-15,Churn
Kayveo,Babette,Jason,492175.20,2017-06-30,Closed
Roombo,Erasmus,Fred,358189.19,2016-11-13,Pending
JumpXS,Omero,Kelly,404097.82,2016-11-15,Initial
Oloo,Sibelle,Alexander,29397.49,2017-04-14,Completed
Pixoboo,Jerrilyn,Alexander,472915.92,2017-03-09,Churn
Wordtune,Lewes,Paul,387310.09,2017-08-11,Churn
Blogspan,Roi,Alexander,487417.62,2017-02-12,Closed
Roodel,Suzanna,Lara,331352.47,2017-02-11,Completed
Voonte,George,Lara,213774.40,2017-04-06,Pending
Kwinu,Dimitry,Jason,359455.53,2017-09-19,Pending
Flashspan,Cornela,Alexander,277207.02,2017-01-07,Pending
Quinu,Kinny,Alexander,271661.37,2017-07-24,Churn
Agimba,Andee,Paul,354598.13,2017-03-17,Completed
Fiveclub,Carolann,Alexander,351917.67,2017-05-19,Initial
Youopia,Maurie,Kelly,150035.89,2017-07-04,Completed
Flashset,Tynan,Jason,459307.71,2017-01-20,Churn
Quatz,Agatha,Fred,285965.17,2017-01-15,Pending
Katz,Bonny,Alexander,318921.09,2017-06-08,Closed
Feednation,Olympie,Lara,332799.63,2016-12-19,Churn
Demimbu,Obie,Lara,39036.11,2017-07-16,Churn
Lazz,Tamarra,Alexander,234791.81,2017-07-03,Churn
Twimbo,Georgeanne,Kelly,212892.59,2017-01-29,Pending
Realbuzz,Kurtis,Jason,282685.60,2017-09-07,Churn
Photobug,Vina,Lara,276796.12,2017-02-15,Closed
Thoughtstorm,Chandler,Paul,192539.91,2017-02-02,Churn
Aibox,Vic,Kelly,396288.97,2017-08-15,Churn
Youtags,Yorgos,Jason,218838.20,2017-06-10,Completed
Gigabox,Brandon,Kelly,392503.16,2017-05-27,Closed
Meetz,Judon,Lara,29091.53,2017-07-17,Closed
Gabtype,Damon,Alexander,4214.57,2017-05-31,Initial
Photobug,Giacinta,Kelly,240450.22,2017-06-16,Closed
Feedfire,Ranice,Kelly,206451.53,2017-08-26,Churn
Wordware,Junina,Lara,399645.52,2017-03-17,Pending
Feedbug,Siouxie,Jason,146585.71,2016-11-29,Initial
Abata,Mayne,Kelly,270847.48,2017-04-01,Completed
Zoomdog,Hilary,Fred,108386.68,2016-11-09,Pending
Flipopia,Allie,Jason,466613.54,2017-05-04,Completed
Thoughtstorm,Rhea,Alexander,143168.77,2016-12-23,Initial
Centizu,Bambi,Kelly,164114.89,2017-09-03,Initial
Kimia,Thor,Lara,413786.63,2017-09-11,Churn
Jetpulse,Elton,Jason,476223.42,2017-07-05,Initial
Linkbridge,Demetre,Lara,493837.24,2017-08-14,Closed
Jabberstorm,Evy,Paul,304930.01,2017-02-26,Closed
Bluezoom,Nickey,Fred,139341.55,2017-08-06,Churn
Viva,Kikelia,Lara,286098.08,2017-08-28,Churn
Thoughtbridge,Tandie,Paul,89706.51,2017-03-30,Completed
Kazio,Priscella,Alexander,431285.79,2017-03-29,Pending
Edgeblab,Vidovic,Kelly,396833.81,2016-12-09,Initial
Dablist,Selia,Alexander,495106.95,2017-08-06,Churn
Twimm,Sharleen,Lara,306043.29,2017-08-20,Completed
Skibox,Law,Fred,12534.27,2017-07-20,Completed
Fanoodle,Clari,Fred,431367.41,2017-02-11,Pending
Twimbo,Sasha,Lara,223062.34,2017-10-05,Churn
Livefish,Seana,Jason,23693.84,2016-12-07,Completed
Browsedrive,Berky,Lara,231609.21,2016-11-10,Pending
Wikivu,Esther,Alexander,211866.60,2016-12-25,Initial
Demimbu,Mollie,Kelly,436904.27,2017-08-27,Completed
Flashpoint,Renie,Lara,59701.81,2016-11-16,Completed
Topdrive,Lorne,Kelly,244681.39,2017-04-14,Initial
LiveZ,Dasha,Alexander,22942.74,2017-02-26,Closed
Viva,Milzie,Lara,389364.32,2016-11-13,Closed
Edgewire,Guenevere,Jason,42120.75,2017-09-08,Completed
Zooxo,Emmanuel,Fred,113606.05,2017-09-07,Pending
Eire,Jessie,Kelly,175291.38,2017-05-13,Completed
Browsetype,Conny,Fred,69235.83,2017-07-09,Pending
Quatz,Goddart,Alexander,10213.68,2017-04-23,Churn
Ntags,Isidor,Jason,136222.18,2017-08-14,Churn
Flashdog,Marjorie,Paul,461383.17,2017-09-06,Pending
Feedfire,Ber,Kelly,81473.44,2017-09-29,Completed
Babbleopia,Earlie,Lara,235310.55,2017-02-20,Closed
Fivespan,Hettie,Paul,4194.49,2017-08-22,Initial
Babbleopia,Jon,Lara,408078.07,2017-02-22,Churn
Thoughtstorm,Kesley,Kelly,175102.02,2017-05-15,Initial
Photobug,Guillema,Kelly,148006.32,2017-10-13,Closed
Skinix,Karen,Fred,327450.02,2016-11-23,Initial
Teklist,Philippine,Kelly,253431.52,2016-12-28,Churn
Eabox,Leonanie,Paul,14384.67,2017-03-19,Pending
Riffpedia,Olivie,Jason,152.09,2017-06-22,Closed
Trilith,Almeda,Lara,107704.55,2017-08-26,Pending
Voonder,Roxy,Paul,478811.55,2017-01-08,Completed
Cogilith,Ilse,Jason,304447.33,2017-02-02,Churn
Teklist,Winne,Paul,308043.66,2017-07-20,Initial
Yambee,Mack,Fred,334156.95,2017-01-10,Completed
Tambee,Baron,Fred,74848.44,2017-02-17,Completed
Aimbu,Ansell,Fred,93187.09,2017-08-31,Completed
Realfire,Laurianne,Fred,450920.74,2017-08-20,Completed
Yacero,Opaline,Paul,124941.88,2017-01-20,Closed
Kwilith,Hobard,Lara,106206.15,2017-03-28,Closed
Tambee,Ives,Lara,5574.98,2017-10-12,Churn
Jetwire,Deedee,Paul,499324.02,2017-08-12,Initial
Youspan,Dulcia,Jason,338160.14,2017-03-23,Closed
Twimbo,Ileane,Kelly,161186.02,2017-01-12,Completed
Centimia,Riordan,Alexander,243636.19,2016-10-25,Churn
Youfeed,Brooke,Jason,339885.06,2016-11-22,Initial
InnoZ,Viviene,Lara,300149.53,2017-08-28,Churn
Voomm,Henriette,Paul,20437.92,2016-11-26,Pending
Janyx,Hebert,Fred,269851.63,2017-08-28,Pending
Jamia,Rosalie,Lara,23653.76,2016-10-22,Pending
Mybuzz,Cointon,Fred,323682.62,2017-05-17,Completed
Vidoo,Evered,Fred,357202.74,2017-09-28,Closed
Ailane,Lou,Alexander,137314.63,2017-09-21,Completed
Dynava,Kirby,Kelly,437673.57,2017-04-20,Churn
Oloo,Mohandas,Jason,49796.67,2017-05-08,Completed
Rooxo,Cary,Alexander,211965.99,2017-02-20,Initial
Eidel,Kimberly,Paul,52134.75,2017-09-15,Churn
Dynabox,Mead,Fred,351121.95,2017-08-31,Pending
Realpoint,Danette,Kelly,223392.80,2017-01-06,Initial
Bubbletube,Jeannette,Kelly,481859.10,2017-03-22,Initial
Quatz,Pooh,Jason,264686.54,2017-05-03,Completed
Trupe,Manny,Fred,162512.38,2016-11-01,Pending
Tagcat,Harri,Alexander,460122.17,2017-10-14,Pending
Centimia,Florina,Kelly,355310.62,2017-03-08,Completed
Photospace,Aleece,Fred,132313.79,2016-11-03,Churn
Flashset,Kenon,Kelly,88012.81,2017-03-03,Pending
Mybuzz,Christoph,Paul,374201.90,2017-05-26,Completed
Avavee,Tarrance,Alexander,110172.13,2016-12-23,Initial
Quinu,Annabela,Paul,65438.64,2017-07-11,Pending
Feedfish,Arleta,Fred,324283.16,2017-05-08,Churn
Buzzshare,Tracie,Alexander,224630.58,2017-03-01,Pending
Kanoodle,Ariana,Jason,417246.32,2017-07-22,Initial
Geba,Hilde,Jason,384689.15,2017-05-27,Closed
Jabberstorm,Ardelis,Kelly,166935.43,2017-07-18,Churn
Roomm,Farley,Lara,103495.82,2016-11-22,Closed
Leexo,Chaim,Lara,374586.77,2016-12-12,Churn
Katz,Garrick,Paul,394291.52,2016-10-31,Initial
Wikizz,Tudor,Fred,497586.51,2017-08-18,Churn
Kwideo,Lin,Paul,65946.33,2017-06-26,Closed
Photofeed,Catharina,Fred,294281.62,2016-11-02,Completed
Quaxo,Hephzibah,Paul,181784.26,2017-09-29,Completed
Meetz,Garrott,Jason,444596.44,2017-09-24,Initial
Skyndu,Zacharias,Fred,334172.38,2017-01-30,Pending
Jaxworks,Simonne,Kelly,9485.53,2016-10-24,Churn
Tagopia,Katheryn,Lara,314620.40,2017-08-15,Pending
DabZ,Eyde,Paul,95303.70,2017-09-12,Initial
Twitterworks,Gayler,Alexander,340739.98,2017-10-09,Pending
Skivee,Gertie,Fred,405333.46,2017-04-01,Closed
Brainverse,Fidelia,Fred,485167.64,2017-01-16,Completed
Tagpad,Elbertine,Alexander,84457.60,2016-10-29,Pending
Meembee,Rem,Jason,42401.20,2017-06-24,Completed
Topicware,Colby,Lara,3179.37,2017-07-05,Pending
Rhycero,Codi,Paul,238856.18,2017-05-01,Pending
Zoonder,Tirrell,Alexander,440351.25,2016-10-30,Completed
Wikizz,Melinda,Lara,178803.91,2017-06-01,Churn
Layo,Shepperd,Jason,325793.24,2017-05-10,Churn
Babblestorm,Christi,Fred,435598.06,2016-11-03,Churn
Voomm,Sonny,Paul,309740.92,2017-04-07,Closed
Twiyo,Nola,Fred,441387.84,2017-02-05,Pending
Demizz,Shandeigh,Lara,88555.66,2017-09-16,Pending
Tambee,Kai,Kelly,48764.66,2016-11-15,Closed
Jabbertype,Nanice,Paul,354315.47,2017-04-22,Pending
Ozu,Raven,Fred,289865.24,2017-09-10,Initial
Brainbox,Elvera,Paul,162839.22,2017-03-28,Completed
Thoughtsphere,Torin,Jason,253818.67,2017-06-30,Pending
Geba,Annadiana,Fred,194699.77,2017-08-06,Completed
Linkbuzz,Janene,Paul,263162.74,2017-06-29,Pending
Twitterlist,Caspar,Fred,344554.69,2017-06-10,Pending
Latz,Herta,Kelly,52966.10,2017-10-10,Churn
Kayveo,Dayna,Lara,20155.42,2016-12-11,Completed
Browsebug,Salmon,Lara,276262.11,2017-04-14,Churn
Blogtag,Layney,Fred,122232.73,2017-06-08,Initial
Midel,Molli,Paul,82375.09,2017-05-11,Completed
Dynabox,Michelle,Paul,311702.27,2017-04-22,Pending
Twitterbeat,Allx,Jason,211981.88,2017-03-30,Pending
Thoughtbeat,Rinaldo,Lara,245498.33,2017-10-14,Completed
Jabbersphere,Hashim,Fred,308580.92,2017-03-25,Closed
Aivee,Fredrick,Jason,96995.42,2017-08-05,Churn
Einti,Jeniece,Paul,407399.40,2016-12-06,Initial
Meedoo,Brantley,Paul,50995.08,2017-05-10,Closed
Mydeo,Rosa,Fred,417055.06,2017-06-12,Initial
Twinder,Dion,Jason,372162.48,2017-10-11,Closed
Dabvine,Kellen,Kelly,56774.32,2017-09-07,Closed
Browsetype,Donovan,Paul,145356.28,2017-05-21,Pending
Voonix,Dur,Jason,322388.34,2016-10-21,Pending
DabZ,Chrotoem,Jason,77365.12,2017-03-13,Pending
Realbuzz,Serena,Paul,2723.90,2017-01-12,Pending
Devshare,Sioux,Fred,255807.53,2016-11-26,Completed
Quire,Goldina,Alexander,24524.66,2017-02-26,Pending
Avamm,Gael,Jason,272741.80,2016-12-06,Churn
Yakitri,Teodorico,Lara,415520.65,2017-05-30,Closed
Photojam,Wernher,Jason,225748.35,2017-03-20,Completed
Avamba,Emlyn,Fred,473513.85,2017-05-03,Churn
Yata,Stevy,Jason,137803.50,2017-01-25,Initial
InnoZ,Dalila,Fred,196800.21,2017-02-06,Pending
Gabvine,Kara,Lara,329669.33,2017-07-05,Completed
BlogXS,Ellette,Lara,389065.68,2017-03-05,Closed
Jayo,Tawnya,Kelly,473820.67,2016-11-27,Pending
Oba,Gisela,Alexander,30187.93,2017-05-19,Churn
Flashspan,Janeva,Jason,282894.16,2017-01-10,Closed
Gigashots,Godfrey,Alexander,487384.14,2017-04-01,Completed
Rhynyx,Dagmar,Paul,213175.27,2017-02-26,Pending
Avaveo,Ranna,Kelly,374058.54,2016-12-15,Pending
Youspan,Goldarina,Jason,229324.58,2017-01-09,Churn
Mynte,Deva,Jason,73951.96,2017-09-23,Completed
Feedspan,Adelind,Jason,220126.58,2016-12-13,Pending
Browsetype,Niles,Paul,360958.20,2016-10-20,Churn
Talane,Shep,Paul,164653.83,2017-05-30,Closed
Trunyx,Rodrick,Lara,147052.99,2017-06-10,Closed
Zoombeat,Giacinta,Alexander,247201.57,2017-10-15,Initial
Gigabox,Tiff,Kelly,372811.61,2017-03-24,Initial
Kazu,Dianne,Lara,162917.75,2017-03-02,Completed
Kwideo,Mason,Fred,189714.91,2017-06-17,Closed
Skilith,Hans,Alexander,275357.82,2017-05-16,Pending
Realmix,Gardiner,Alexander,489579.68,2016-12-19,Closed
Feedbug,Annamarie,Kelly,118160.36,2017-04-14,Initial
Cogilith,Chariot,Paul,435421.22,2017-04-26,Initial
Oyoloo,Ethel,Fred,163566.56,2017-07-17,Churn
Viva,Jammal,Paul,312046.04,2017-07-18,Completed
Skimia,Robinet,Jason,439758.26,2017-10-02,Initial
Layo,Joaquin,Jason,498176.81,2017-06-08,Closed
Topiczoom,Howard,Fred,64569.78,2017-08-02,Closed
Kayveo,Selina,Jason,125008.65,2017-05-05,Pending
Eidel,Tania,Fred,343374.12,2017-06-05,Completed
Edgewire,Yetta,Paul,160840.77,2017-10-10,Churn
Livetube,Colline,Lara,377159.82,2016-12-06,Completed
Voonix,Adolf,Jason,351698.93,2017-02-12,Pending
Twinte,Arv,Fred,212700.46,2017-04-22,Pending
Yozio,Anders,Jason,428254.71,2017-07-09,Completed
Buzzster,Orion,Alexander,447299.30,2017-04-07,Closed
Riffpedia,Hilary,Kelly,123908.31,2017-04-09,Initial
Browsezoom,Johan,Fred,129984.55,2017-01-14,Churn
Rooxo,Read,Fred,332825.63,2016-12-14,Pending
Bubblebox,Daron,Fred,488971.81,2017-09-30,Initial
Realbridge,Davina,Lara,257420.27,2017-03-04,Pending
Tagopia,Sherill,Paul,225206.77,2017-02-23,Initial
Plajo,Amalee,Lara,406928.03,2016-10-22,Initial
Brainsphere,Revkah,Lara,329538.27,2017-09-22,Completed
Voomm,Keefer,Kelly,193124.70,2016-11-02,Closed
Dabjam,Arly,Lara,23326.59,2017-04-27,Closed
Jabbersphere,Delphine,Paul,1308.10,2017-01-06,Initial
Eayo,Cesar,Paul,10966.50,2017-03-07,Pending
Katz,Morty,Kelly,481455.72,2017-05-23,Completed
Eire,Catrina,Kelly,296450.74,2017-09-16,Churn
Devbug,Bertie,Lara,317961.95,2017-04-07,Pending
Voonte,Timmie,Fred,118787.34,2017-08-30,Pending
Brainverse,Saraann,Alexander,308357.35,2017-01-24,Churn
Photobug,Seward,Fred,426586.67,2016-10-30,Pending
Tambee,Sebastian,Paul,67138.50,2017-04-14,Closed
Quaxo,Lauren,Kelly,402613.97,2017-06-29,Closed
Yozio,Adham,Alexander,255034.80,2017-09-07,Closed
Eamia,Rock,Lara,456094.48,2016-11-13,Completed
Mynte,Lynnette,Paul,305154.23,2017-08-08,Initial
Pixoboo,Shirlene,Kelly,279653.83,2017-04-26,Pending
Twimbo,Roy,Fred,496786.65,2017-05-13,Initial
Quimm,Clementina,Paul,124778.26,2016-11-13,Closed
Photolist,Alexei,Fred,439894.78,2017-08-25,Churn
Aibox,Fania,Paul,261382.70,2017-03-17,Initial
Mydo,Maddalena,Paul,65240.86,2017-10-14,Completed
Browsedrive,Nathanial,Alexander,463236.53,2017-07-13,Pending
Devbug,Roger,Jason,134969.49,2017-07-09,Pending
Trilith,Minor,Jason,30418.25,2017-05-27,Closed
Oyondu,Noemi,Alexander,82932.28,2017-05-19,Completed
Dabjam,Berni,Jason,57907.53,2017-09-11,Closed
Yadel,Olag,Lara,437291.00,2016-12-04,Churn
Wordpedia,Cilka,Kelly,69851.95,2017-06-10,Pending
Quatz,Kariotta,Jason,460064.34,2017-03-15,Initial
Jaxworks,Timmi,Fred,117490.05,2017-02-25,Initial
Jetwire,Sheridan,Jason,112518.57,2017-08-01,Churn
Gabvine,Sibelle,Jason,334499.08,2017-01-11,Completed
Trudoo,Jobina,Kelly,466266.38,2017-01-29,Churn
Tekfly,Myrna,Fred,258484.12,2017-04-14,Closed
Zoomlounge,Amalle,Fred,421620.62,2016-12-11,Closed
Riffwire,Ethe,Kelly,271589.23,2016-10-21,Closed
Wikibox,Stevena,Jason,473142.94,2017-02-20,Initial
Wordify,Lindy,Fred,453248.00,2017-10-06,Initial
Roombo,Gale,Lara,114475.04,2017-09-16,Closed
Photolist,Kip,Fred,337066.43,2016-11-12,Completed
Photojam,Gaven,Kelly,495030.26,2016-11-04,Churn
Linklinks,Abel,Paul,343426.61,2017-04-20,Completed
Avamba,Pyotr,Paul,329422.19,2017-08-15,Closed
Kamba,Persis,Paul,311004.71,2017-04-20,Churn
Oyoba,Klement,Paul,196310.69,2017-09-27,Initial
Dynazzy,Matthaeus,Paul,2954.85,2017-07-09,Initial
Ntags,Geri,Kelly,436795.79,2017-07-21,Closed
Izio,Eric,Paul,443686.45,2017-07-14,Pending
Eire,Staford,Alexander,297343.01,2017-07-19,Initial
Kamba,Petronille,Jason,58281.66,2017-08-10,Completed
Vinte,Roshelle,Paul,68390.52,2017-04-02,Completed
Mydo,Lonna,Fred,245276.68,2016-12-09,Pending
Feedspan,Dalston,Paul,366225.29,2017-04-17,Churn
Fadeo,Sidonia,Fred,358269.99,2016-12-17,Closed
Wordtune,Archie,Paul,342882.42,2017-06-13,Closed
Mynte,Rosemonde,Fred,121844.32,2017-01-03,Closed
Skyba,Elysee,Lara,175680.04,2017-06-02,Churn
Leenti,Roxy,Alexander,475085.31,2017-05-20,Churn
Youspan,Morey,Kelly,443625.12,2017-01-12,Churn
Realfire,Charla,Paul,198349.22,2017-07-27,Completed
Voonyx,Perren,Fred,408350.10,2017-05-17,Closed
Vidoo,Kelly,Fred,75005.54,2017-01-04,Initial
Yambee,Fabien,Fred,37870.69,2016-12-13,Initial
Skiba,Bethena,Paul,42401.00,2017-07-18,Churn
Gabvine,Klara,Fred,11606.73,2017-09-30,Pending
Kaymbo,Myrah,Fred,478734.12,2017-09-16,Pending
Omba,Marie,Fred,325682.55,2017-05-09,Pending
Wikizz,Ashlie,Fred,55488.23,2017-06-23,Initial
Mudo,Isabella,Paul,313532.72,2016-12-27,Closed
Twinte,Nikki,Lara,273095.60,2017-01-06,Initial
Ntags,Claretta,Alexander,385022.88,2017-07-18,Initial
Demizz,Fawnia,Alexander,203039.82,2017-03-01,Initial
Midel,Hayyim,Alexander,121638.77,2017-10-05,Initial
Topicstorm,Wilmer,Alexander,48455.83,2017-09-04,Closed
Rhyloo,Brett,Kelly,319943.87,2016-12-07,Initial
Skippad,Lenard,Jason,91209.43,2017-06-13,Initial
Youbridge,Cassaundra,Fred,61735.08,2017-10-05,Initial
Riffpedia,Chelsae,Paul,470332.17,2017-06-12,Initial
Voolia,Virgil,Alexander,314722.92,2017-08-11,Pending
Feedbug,Merwin,Kelly,420725.56,2017-01-20,Completed
DabZ,Lee,Paul,342264.01,2017-04-14,Pending
Livefish,Tuckie,Alexander,112439.78,2016-11-14,Churn
Shufflebeat,Querida,Lara,13898.26,2016-11-11,Pending
Topdrive,Balduin,Jason,169826.29,2017-07-17,Churn
Einti,Marcille,Paul,199466.02,2017-02-15,Churn
Mybuzz,Shawn,Paul,217655.28,2016-10-26,Completed
Tagopia,Munroe,Alexander,81846.89,2017-10-13,Closed
Fivebridge,Emalia,Paul,421997.00,2017-04-03,Churn
Plambee,Ronnie,Jason,439840.26,2017-04-29,Initial
Meeveo,Zita,Jason,101826.52,2017-07-10,Pending
Fivechat,Herbie,Jason,12493.55,2016-10-21,Closed
Vidoo,Fields,Paul,44808.44,2017-03-26,Pending
Trudeo,Lucinda,Fred,283940.27,2017-02-15,Churn
Skiba,Idette,Paul,451976.37,2017-01-15,Pending
Youbridge,Shannon,Fred,201654.22,2017-06-05,Closed
Cogilith,Thane,Paul,410800.08,2016-11-03,Initial
Omba,Kacey,Jason,214124.67,2016-12-07,Pending
Agivu,Josee,Paul,321653.90,2017-02-17,Initial
Yakitri,Ruby,Fred,348365.12,2017-02-11,Churn
Geba,Geraldine,Fred,467567.39,2017-06-23,Initial
Blognation,Sloan,Lara,79854.16,2016-10-22,Initial
Bubbletube,Nickolaus,Alexander,498228.49,2017-06-20,Completed
Thoughtbeat,Ina,Lara,269429.03,2017-03-09,Pending
JumpXS,Hilary,Lara,57223.45,2017-04-18,Closed
Ooba,Evangelina,Lara,198156.44,2017-10-17,Closed
Buzzbean,Adelaida,Paul,114378.70,2017-07-12,Closed
Photobean,Neel,Paul,278251.24,2017-02-13,Pending
Yozio,Ula,Lara,173291.20,2017-06-08,Completed
JumpXS,Tessie,Alexander,249913.38,2017-07-31,Completed
Zoombox,Dennie,Lara,247182.57,2017-03-19,Churn
Myworks,Brennan,Jason,406214.08,2017-03-18,Completed
Twitterwire,Perrine,Kelly,115971.74,2016-11-13,Initial
Aivee,Rona,Fred,408624.27,2016-11-23,Churn
Shuffledrive,Fancy,Kelly,270305.97,2017-07-17,Completed
Voolith,Garrik,Paul,71264.74,2017-06-25,Completed
Rooxo,Poul,Lara,21044.93,2017-08-17,Closed
Eimbee,Roscoe,Lara,264629.30,2017-08-09,Completed
Skibox,Portia,Paul,402978.68,2017-03-03,Pending
Feedfire,Yelena,Paul,66881.38,2017-06-05,Closed
Katz,Pippo,Jason,330282.45,2017-02-18,Completed
Photospace,Eadie,Lara,36393.70,2017-02-10,Initial
Buzzdog,Roselia,Fred,145681.64,2017-10-18,Churn
Midel,Allis,Jason,370714.62,2017-01-12,Pending
Demivee,Dean,Jason,97647.59,2017-05-24,Initial
Riffpedia,Nikolai,Fred,404503.38,2016-12-03,Initial
Blogpad,Nert,Fred,240590.25,2016-11-04,Pending
Oyope,Welbie,Alexander,438357.64,2017-10-05,Churn
Edgeclub,Bella,Alexander,238748.38,2016-12-07,Initial
Jaloo,Orlan,Alexander,498732.78,2016-11-17,Completed
Topicshots,Othilia,Paul,388481.78,2017-10-06,Pending
Photolist,Caitrin,Jason,241981.26,2017-09-22,Closed
Zoozzy,Chico,Kelly,309823.64,2016-10-24,Completed
Oyondu,Cristionna,Paul,99850.26,2017-01-26,Churn
Gabspot,Blaire,Paul,332685.99,2017-09-24,Completed
Ailane,Kary,Fred,274414.31,2017-08-19,Churn
Yozio,Alameda,Paul,249191.47,2017-02-17,Completed
Youtags,Richart,Fred,94865.27,2017-09-01,Initial
Zooveo,Levon,Paul,423356.31,2016-12-02,Initial
Blogspan,Ashien,Kelly,105308.70,2017-06-29,Closed
Meembee,Ellary,Jason,157522.87,2016-12-21,Pending
Edgetag,Patrizia,Kelly,396596.06,2017-09-09,Closed
Roomm,Silvia,Alexander,455354.71,2017-07-06,Churn
Jetwire,Jeremy,Kelly,429255.54,2017-04-26,Closed
Yakijo,Valida,Kelly,181278.96,2017-01-13,Churn
Vinte,Britteny,Paul,304477.14,2017-04-05,Pending
Skivee,Wilmer,Lara,25496.68,2017-07-28,Pending
Meetz,Rickert,Paul,199671.09,2016-11-08,Churn
Rhybox,Ahmed,Fred,190682.92,2017-06-10,Initial
Mymm,Rahel,Paul,15363.31,2017-03-08,Churn
Shufflebeat,Katuscha,Alexander,174785.58,2017-08-16,Churn
Skipfire,Nataniel,Fred,152332.14,2017-10-12,Churn
Yotz,Bogey,Lara,176875.70,2017-02-23,Churn
Roodel,Arnuad,Fred,193924.03,2017-07-05,Completed
Linkbuzz,Maryanna,Lara,103225.53,2016-10-24,Pending
Tambee,Mechelle,Jason,263532.12,2017-09-16,Initial
Katz,Clerc,Jason,78063.89,2017-10-06,Completed
Jazzy,Richardo,Lara,334775.25,2017-10-03,Closed
Gigabox,Salomon,Kelly,122175.93,2016-11-13,Completed
Devshare,Dusty,Lara,79272.09,2017-08-30,Closed
Browseblab,Gustav,Kelly,485356.27,2017-07-10,Completed
Devpulse,Josefa,Alexander,222782.15,2017-02-03,Completed
Quatz,Jorey,Lara,258834.76,2017-03-29,Closed
Skinte,Ase,Jason,79209.61,2016-11-27,Churn
Gabspot,Kassandra,Lara,89921.19,2016-12-08,Initial
Riffpedia,Jeddy,Alexander,275318.44,2017-09-30,Closed
Youfeed,Ryun,Jason,291192.67,2017-01-06,Completed
Skiptube,Lonny,Jason,3113.50,2017-09-19,Completed
Yakitri,Sigismund,Kelly,157106.65,2017-07-01,Closed
Quaxo,Lay,Jason,133566.67,2016-10-31,Closed
Youtags,Corbin,Jason,484339.45,2017-05-12,Churn
Fanoodle,Jammie,Kelly,61242.21,2017-04-16,Pending
Brainverse,Zeke,Lara,83149.03,2017-05-11,Initial
Yata,Halli,Lara,314204.13,2017-02-05,Pending
Shufflebeat,Jeromy,Alexander,321690.43,2016-11-21,Pending
Yoveo,Florrie,Fred,360472.48,2017-09-28,Initial
Topicblab,Mariel,Kelly,109630.43,2016-11-18,Closed
Midel,Briney,Fred,250845.66,2017-01-19,Closed
Mita,Mikel,Lara,276559.37,2016-10-29,Completed
Topdrive,Hanny,Kelly,152846.93,2017-01-15,Initial
Meetz,Wood,Fred,227458.50,2017-08-26,Initial
Wikibox,Von,Jason,104224.21,2017-05-13,Completed
Brainsphere,Row,Jason,482285.27,2017-05-07,Initial
Vinder,Cordell,Alexander,92818.63,2017-09-18,Completed
Oba,Dorella,Lara,325479.75,2017-06-24,Initial
Bluezoom,Egbert,Fred,100120.87,2017-02-19,Closed
Cogidoo,Onfroi,Jason,375475.28,2017-10-11,Initial
Dabtype,Forrester,Kelly,44564.91,2017-10-15,Initial
Photolist,Jo-ann,Kelly,274990.69,2017-01-19,Completed
Shufflester,Boot,Alexander,355404.13,2016-12-02,Completed
Skibox,Rosanne,Alexander,331843.83,2017-03-15,Initial
Skalith,Ki,Fred,7265.33,2017-10-18,Churn
Gigazoom,Verne,Alexander,172545.62,2017-01-06,Initial
Twimbo,Charisse,Lara,363442.59,2017-10-03,Closed
Cogibox,Ferrell,Jason,312634.75,2016-10-26,Initial
Oyonder,Roch,Paul,100276.16,2016-12-02,Pending
Thoughtsphere,Charmian,Jason,317772.19,2017-08-17,Completed
Twinte,Codee,Paul,167793.98,2017-10-05,Churn
Skimia,Michaelina,Paul,412017.74,2016-10-25,Closed
Digitube,Orlando,Kelly,243997.78,2017-03-25,Closed
Eayo,Elvina,Kelly,499858.87,2016-12-23,Churn
Gigabox,Jeanine,Lara,269884.46,2017-04-16,Pending
Fiveclub,Horst,Kelly,145872.72,2017-02-21,Closed
Linkbuzz,Calvin,Kelly,489562.44,2016-11-12,Closed
Zoomzone,Salim,Lara,39991.60,2017-07-02,Closed
Reallinks,Sybil,Fred,284036.96,2016-11-02,Closed
Skyndu,Brucie,Paul,454632.28,2017-09-12,Completed
Fatz,Siouxie,Alexander,157189.04,2016-11-29,Closed
Eayo,Kimberlee,Lara,128338.20,2017-10-12,Churn
Oyoba,Courtney,Fred,12257.71,2017-04-06,Pending
Trudeo,Tyne,Paul,355438.67,2017-09-09,Initial
Zoomlounge,Jarad,Lara,65260.25,2017-07-05,Pending
Edgeclub,Jeri,Alexander,232837.93,2017-09-17,Churn
Browseblab,Courtenay,Alexander,364935.47,2017-08-14,Completed
Fivespan,Hatti,Paul,476558.95,2017-01-09,Initial
Voomm,Sigismond,Fred,433344.45,2017-03-13,Pending
Yamia,Moritz,Fred,309725.03,2016-11-13,Completed
Ntags,Des,Kelly,222920.90,2016-12-04,Initial
Katz,Ruben,Lara,409134.98,2016-12-23,Closed
Yakidoo,Larina,Kelly,114945.55,2017-01-14,Pending
Wordify,Lurette,Kelly,369679.57,2016-12-02,Closed
Zoonder,Coop,Fred,138096.31,2017-06-07,Initial
Devbug,Myrwyn,Fred,272270.91,2016-10-31,Initial
Edgetag,Brynne,Fred,225433.26,2017-08-18,Completed
Skivee,Cordi,Lara,219121.21,2017-03-03,Pending
Yambee,Cesar,Alexander,219652.04,2017-01-01,Churn
Youopia,Roshelle,Alexander,195364.84,2017-04-10,Churn
Plajo,Melanie,Jason,152897.84,2017-03-29,Completed
Jaloo,Blake,Jason,468558.90,2017-04-24,Closed
Plajo,Sam,Kelly,136637.11,2017-03-05,Pending
Einti,Rochell,Paul,342768.19,2017-09-02,Completed
Fanoodle,Rog,Lara,148095.62,2017-09-11,Initial
Blogspan,Fred,Paul,260698.63,2016-12-04,Initial
Riffpath,Saunderson,Paul,16783.70,2017-10-06,Pending
Miboo,Lanae,Alexander,257146.27,2017-07-07,Pending
Wordpedia,Joice,Jason,80760.13,2017-01-02,Closed
Mybuzz,Morgun,Paul,470967.81,2017-09-10,Closed
Brainlounge,Adelina,Fred,64299.01,2017-01-09,Completed
Jaxspan,Kathlin,Paul,389570.89,2017-01-19,Closed
Edgepulse,Jake,Alexander,200365.77,2016-12-31,Pending
Wordware,Cal,Kelly,359978.80,2017-04-07,Churn
Thoughtsphere,Willow,Jason,61484.32,2017-02-08,Closed
Geba,Joela,Alexander,130489.55,2017-05-25,Churn
Oodoo,Bambi,Kelly,177451.16,2017-01-18,Closed
Zooxo,Yorgo,Lara,208650.51,2017-07-20,Completed
Yoveo,Angel,Lara,203494.74,2017-05-10,Closed
JumpXS,Cristina,Lara,65868.55,2017-04-28,Initial
Avaveo,Harrison,Alexander,423891.46,2017-07-12,Completed
Topiczoom,Lee,Jason,15614.57,2017-07-02,Churn
Oozz,Ray,Kelly,405390.97,2017-03-17,Initial
Twiyo,Jenifer,Paul,293406.57,2017-09-28,Pending
Edgewire,Jamie,Alexander,304124.18,2017-07-27,Initial
Realcube,Joellyn,Fred,61320.71,2017-01-24,Closed
Jaxnation,Charley,Kelly,447057.98,2017-08-16,Initial
Wordify,Khalil,Lara,298071.92,2016-12-06,Initial
Rhyzio,Remington,Lara,269647.98,2017-01-23,Churn
Eayo,Moina,Alexander,460529.04,2016-12-04,Initial
Ntag,Codee,Alexander,12523.05,2017-05-27,Completed
Youspan,Agathe,Paul,447937.11,2017-03-04,Pending
Devpulse,Rockey,Paul,322437.29,2017-02-19,Churn
Jabbercube,Cyrille,Alexander,405800.09,2016-12-09,Churn
Trupe,Red,Jason,161197.92,2016-12-18,Pending
Roomm,Chiquia,Kelly,51339.10,2017-05-31,Closed
Devbug,Concordia,Lara,209064.81,2017-09-25,Churn
Zoombox,Conroy,Kelly,250720.04,2016-11-07,Churn
Zazio,Faina,Jason,299661.50,2017-08-26,Completed
Meezzy,Si,Alexander,101066.15,2017-06-11,Completed
Innotype,Flory,Jason,416875.46,2017-07-10,Initial
Agivu,Rollins,Kelly,281123.41,2017-09-11,Initial
Myworks,Damita,Jason,167827.94,2017-04-03,Pending
Trilith,Meredith,Kelly,480990.23,2017-06-09,Completed
Snaptags,Michelina,Lara,258509.82,2017-01-12,Closed
Photojam,Cinda,Jason,330942.59,2017-01-29,Closed
Jaxworks,Carlo,Jason,299958.25,2016-12-01,Pending
Gabcube,Vivien,Lara,299188.94,2017-10-11,Pending
Kimia,Lissi,Jason,18769.56,2016-11-13,Pending
Mybuzz,Mario,Fred,29848.32,2016-12-30,Completed
Fanoodle,Lovell,Jason,30913.29,2017-06-28,Initial
Tambee,Hollis,Lara,342470.68,2016-12-05,Completed
Feedfish,Nadiya,Lara,165970.60,2017-09-15,Churn
Centimia,Atlanta,Alexander,230229.63,2017-01-29,Closed
Jaxnation,Marnia,Lara,462961.15,2016-12-13,Initial
Fliptune,Allyn,Alexander,495169.90,2016-12-24,Completed
Quamba,Wit,Paul,150496.68,2016-12-20,Churn
Meedoo,David,Lara,199815.22,2017-06-11,Churn
Kaymbo,Shaine,Kelly,450245.38,2017-07-28,Churn
Leenti,Birk,Alexander,102960.03,2016-12-03,Churn
Brainverse,Gilberto,Jason,73735.97,2017-03-02,Pending
Wikizz,Clemente,Lara,432105.76,2017-04-03,Pending
Dabfeed,Elwyn,Paul,405997.56,2016-11-16,Churn
Skidoo,Mic,Fred,140680.75,2017-06-11,Pending
Skiba,Jeromy,Alexander,141230.55,2017-03-09,Completed
Wikivu,Ryon,Fred,353441.26,2017-05-15,Completed
Eare,Sharyl,Alexander,96462.42,2017-06-16,Pending
Fivespan,Coretta,Kelly,395140.88,2017-04-28,Churn
Blogpad,Mag,Kelly,99684.58,2017-07-19,Closed
Twitterworks,Piper,Paul,14983.98,2016-12-19,Initial
Devify,Kenton,Paul,234175.85,2017-06-15,Completed
Realblab,Ros,Lara,304389.50,2016-11-06,Pending
Trilia,Engelbert,Lara,98901.35,2016-11-27,Completed
Gevee,Genevra,Kelly,333252.20,2017-08-15,Closed
Aimbu,Felicle,Kelly,54820.48,2017-01-07,Pending
Dabvine,Annabela,Lara,68646.75,2017-01-21,Closed
Livepath,Gamaliel,Fred,218530.67,2016-12-24,Closed
Aivee,Wynne,Kelly,207010.12,2017-03-15,Churn
Feednation,Mair,Fred,266046.45,2017-05-24,Initial
Zoomdog,Odetta,Jason,220374.37,2017-04-24,Pending
Tambee,Aldous,Paul,25430.01,2017-01-18,Closed
Browsetype,Hedwiga,Paul,160711.80,2017-07-11,Closed
Zooveo,Eveleen,Paul,277535.61,2017-02-03,Initial
Riffwire,Valdemar,Fred,400078.69,2016-12-12,Churn
Thoughtworks,Arlin,Lara,457633.42,2017-07-18,Closed
Skimia,Forster,Alexander,121303.84,2017-04-02,Churn
Yombu,Nero,Alexander,249429.14,2017-10-05,Pending
Twitterbeat,Marys,Kelly,102193.59,2017-09-22,Closed
Realcube,Chane,Jason,17309.15,2017-05-26,Churn
Twiyo,Georgeanna,Paul,388787.65,2017-04-06,Initial
Yombu,Alina,Paul,338944.87,2017-06-29,Initial
Realbridge,Sosanna,Jason,273975.24,2017-01-08,Completed
Voomm,Sashenka,Paul,316936.38,2017-04-21,Churn
LiveZ,Alexi,Paul,370263.97,2017-10-14,Initial
Jayo,Kearney,Fred,433722.41,2017-10-11,Closed
Mynte,Hirsch,Paul,19228.93,2017-03-18,Closed
Realcube,Raf,Paul,219220.45,2017-08-01,Completed
Meetz,Dilly,Alexander,228255.13,2017-08-05,Churn
Blogtag,Emerson,Kelly,378550.52,2017-06-19,Initial
Wikizz,Jaime,Kelly,202579.83,2017-09-25,Closed
Flashspan,Lauritz,Fred,2319.45,2017-02-05,Churn
Buzzster,Boris,Alexander,12072.63,2016-10-22,Closed
Zoombox,Athena,Alexander,57708.10,2017-02-24,Pending
Mydeo,Carl,Lara,13728.40,2017-02-28,Completed
Dabjam,Bryanty,Alexander,41458.80,2017-05-07,Churn
Riffpath,Morrie,Lara,329060.24,2017-08-13,Closed
Livepath,Melisande,Paul,100179.87,2017-05-27,Churn
Edgeclub,Arlie,Lara,244642.74,2017-06-09,Pending
Voomm,Frankie,Paul,121501.55,2017-01-10,Pending
Demizz,Rae,Paul,13110.54,2017-05-23,Churn
Reallinks,Corella,Fred,50469.64,2016-12-28,Closed
Avamm,Lorne,Alexander,440160.99,2017-02-21,Pending
Kwinu,Loralee,Kelly,101649.05,2017-04-21,Initial
Jayo,Danica,Fred,483850.99,2017-02-26,Churn
Oyoba,Jeramie,Lara,352740.72,2017-01-14,Completed
Centidel,Hedda,Jason,308317.06,2017-10-09,Closed
Divavu,Artemas,Jason,426633.41,2017-01-03,Closed
Rhyloo,Gabriel,Fred,372370.16,2017-07-17,Initial
Edgewire,Britteny,Alexander,402086.54,2016-11-21,Closed
Zoomzone,Ortensia,Paul,103209.79,2016-12-22,Initial
Gabcube,Elwira,Fred,58300.10,2017-07-02,Closed
Agimba,Trescha,Alexander,292336.05,2016-12-05,Initial
Dynabox,Chase,Kelly,349260.68,2017-02-06,Initial
Rooxo,Delphinia,Paul,397.28,2017-08-27,Completed
Kimia,Margret,Kelly,368494.00,2017-05-26,Pending
Trilith,Ario,Jason,405220.77,2016-11-17,Initial
Kwideo,Lilli,Alexander,317637.45,2017-07-23,Pending
Meembee,Jarrid,Lara,1544.04,2017-06-20,Churn
Dabtype,Christoffer,Jason,334239.60,2016-12-15,Closed
Camido,Batholomew,Kelly,424613.19,2017-10-03,Completed
Bluezoom,Glenden,Lara,312935.46,2016-11-21,Initial
BlogXS,Haily,Paul,99869.66,2016-10-31,Initial
Oyoba,Padgett,Paul,422247.18,2017-03-01,Pending
Devpulse,Keen,Paul,463086.88,2017-06-13,Completed
Yombu,Josie,Paul,34412.91,2016-12-13,Initial
Einti,Brita,Alexander,52230.09,2017-03-18,Pending
Trilith,Arel,Alexander,296747.41,2017-06-20,Initial
Edgeify,Shaylynn,Lara,412600.87,2017-06-08,Initial
Brightbean,Kellie,Alexander,355457.47,2017-08-02,Completed
Jabbercube,Dina,Kelly,175467.93,2017-03-07,Churn
Jetpulse,Mora,Lara,24979.30,2017-03-28,Churn
Oozz,Polly,Lara,15027.14,2017-09-07,Pending
Tekfly,Kristyn,Paul,184087.38,2017-04-17,Completed
Flashspan,Petunia,Fred,250658.32,2017-07-21,Completed
Twitterworks,Ferrel,Kelly,2431.10,2016-12-11,Closed
Meevee,Kevina,Paul,162021.97,2017-05-18,Pending
Feedbug,Hillery,Alexander,412953.06,2017-10-15,Completed
Skyvu,Friedrick,Fred,234021.07,2017-02-19,Completed
Realbridge,Ransell,Jason,485987.80,2017-07-23,Completed
Yodoo,Jobina,Alexander,207025.59,2017-10-08,Closed
Photobug,Raphael,Jason,120081.30,2016-11-26,Churn
Dynazzy,Gearalt,Lara,379511.36,2017-08-28,Churn
Thoughtblab,Kenna,Jason,264882.39,2017-07-26,Initial
Vinder,Anders,Alexander,20390.60,2017-03-08,Closed
Edgepulse,Trevar,Alexander,198204.72,2017-03-11,Churn
Jaxnation,Hollis,Alexander,215731.63,2016-10-20,Closed
Thoughtmix,Salim,Fred,454765.26,2017-03-25,Closed
Linklinks,Jesse,Paul,475303.18,2017-04-13,Initial
Quinu,Dex,Fred,169830.11,2017-06-25,Closed
Twitterwire,Ray,Paul,416566.52,2016-10-22,Completed
Yotz,Glenda,Fred,66730.76,2017-01-28,Pending
Blogspan,Trish,Kelly,400807.67,2017-04-30,Pending
Youopia,Si,Lara,273602.40,2017-01-30,Pending
Plajo,Martie,Lara,188678.18,2017-03-19,Completed
Flashspan,Modestine,Lara,449101.42,2017-06-05,Closed
Jaxspan,Rosalia,Fred,209768.61,2017-10-10,Churn
Topiclounge,Paige,Jason,141513.17,2017-01-14,Closed
Skalith,Tim,Alexander,288562.67,2016-12-18,Pending
Quire,Farleigh,Kelly,63306.73,2017-09-09,Initial
Fliptune,Liv,Fred,209187.94,2017-01-22,Closed
Fivechat,Reagan,Fred,53986.31,2017-06-04,Churn
Jabberbean,Drucie,Lara,144587.15,2017-03-05,Completed
Skidoo,Mathilde,Paul,287413.56,2017-03-04,Closed
Realpoint,Trstram,Alexander,109645.82,2017-07-15,Initial
Gabtune,Renata,Jason,360239.15,2017-08-12,Churn
Wordware,Kahaleel,Fred,413692.36,2017-01-27,Closed
Rooxo,Leland,Paul,224137.43,2017-10-08,Initial
Yambee,Elihu,Alexander,117599.25,2017-01-26,Churn
Zoovu,Elden,Jason,295422.49,2017-07-18,Closed
Oyondu,Dorey,Lara,406691.78,2017-01-15,Closed
Yoveo,Alvy,Kelly,29313.79,2017-08-02,Churn
Buzzbean,Linda,Kelly,210887.88,2017-09-28,Closed
Zoonder,Dicky,Fred,483910.97,2017-09-04,Churn
Riffpath,Amaleta,Fred,346983.92,2017-03-19,Churn
Devpulse,Emelen,Jason,383144.56,2016-12-08,Initial
Fanoodle,Saundra,Alexander,468968.92,2016-11-26,Initial
Jazzy,Danila,Fred,224415.86,2017-08-07,Pending
Devpoint,Giselbert,Paul,59040.71,2017-10-13,Pending
Kwideo,Sylvester,Paul,147837.59,2017-05-15,Pending
Aivee,Rosamond,Lara,254828.81,2017-09-18,Completed
Bubblebox,Bill,Paul,313146.73,2017-05-26,Churn
Youspan,Sherry,Alexander,177454.37,2016-12-30,Completed
Snaptags,Dunn,Kelly,91078.02,2016-11-01,Initial
Demizz,Brittani,Paul,280417.88,2017-07-23,Churn
Jabberbean,Vi,Lara,462853.68,2017-05-17,Completed
Livepath,Odelle,Jason,78507.51,2017-01-11,Completed
Dabshots,Gayle,Jason,53014.51,2016-12-31,Initial
Yodel,Kasper,Kelly,248060.09,2017-09-27,Pending
Brightbean,Nikki,Jason,219945.54,2017-08-27,Churn
Fadeo,Ferdinande,Jason,5155.23,2017-05-12,Completed
Skaboo,Dale,Jason,215107.43,2017-04-03,Closed
Trudoo,Leo,Fred,482708.49,2017-10-02,Pending
Abata,Randell,Paul,244786.88,2017-03-06,Pending
Yamia,Lind,Paul,68509.98,2016-11-16,Pending
Cogidoo,Kriste,Kelly,340913.74,2017-08-31,Pending
Yoveo,Hugues,Paul,89073.04,2017-01-27,Churn
Centimia,Veronica,Paul,339320.41,2017-05-12,Closed
Skivee,Latia,Fred,358922.97,2016-12-08,Closed
Topicware,Robenia,Fred,432572.05,2017-09-23,Churn
Dabshots,Ford,Paul,166210.54,2017-08-06,Initial
Topiczoom,Carlita,Alexander,278660.96,2016-12-03,Completed
Oyoloo,Gottfried,Paul,128089.47,2017-09-22,Churn
Camido,Carlie,Paul,491481.62,2017-04-14,Completed
Twimm,Shantee,Alexander,281770.46,2017-09-23,Churn
Babbleset,Rachele,Alexander,56380.10,2016-10-21,Initial
Divavu,Josy,Fred,444387.94,2017-07-23,Closed
Eazzy,Gerrie,Alexander,152875.34,2017-08-09,Completed
Jabbersphere,Wilfred,Jason,183161.77,2017-04-09,Completed
Realbuzz,Shandra,Jason,387442.14,2017-04-03,Completed
Yabox,Ivar,Paul,408620.44,2016-12-17,Closed
Buzzdog,Gamaliel,Jason,433488.74,2017-02-19,Pending
Leexo,Shelbi,Paul,207009.78,2017-02-22,Closed
Nlounge,Jule,Lara,417623.85,2017-03-13,Initial
Omba,Martie,Jason,183121.81,2017-03-03,Closed
Blogtag,Maurita,Fred,114024.91,2017-01-07,Churn
Pixoboo,Aland,Fred,61036.80,2017-03-30,Initial
Mita,Carly,Fred,455204.97,2017-03-16,Completed
Flashpoint,Inger,Paul,203560.12,2017-06-03,Completed
Agivu,Blair,Fred,206720.01,2017-09-07,Churn
Kwimbee,Suzann,Fred,292911.22,2017-03-17,Initial
Photolist,Lenee,Fred,30747.42,2017-08-05,Closed
Cogilith,Tommi,Jason,298457.96,2016-11-24,Closed
Oyope,Karita,Lara,370286.57,2017-10-08,Initial
Quinu,Lianne,Lara,226413.53,2017-06-02,Churn
Yozio,Leonelle,Fred,464095.88,2017-09-24,Churn
Yodel,Marline,Lara,427781.57,2017-05-17,Completed
Zoomdog,Koral,Fred,268880.73,2017-10-15,Closed
Kayveo,Bert,Lara,498602.33,2017-10-07,Initial
Trudoo,Almira,Paul,491477.35,2017-04-26,Completed
Jabbercube,Marlo,Paul,467819.73,2016-12-20,Closed
Abata,Edd,Fred,255556.89,2017-02-19,Churn
Teklist,Philbert,Alexander,282965.78,2017-04-27,Pending
Yambee,Shanda,Alexander,149899.73,2017-01-21,Initial
Linkbuzz,Barret,Jason,113606.85,2017-08-15,Closed
Shufflebeat,Alasdair,Kelly,488453.59,2017-02-02,Completed
Lajo,Palmer,Jason,62852.60,2017-09-30,Churn
Thoughtbridge,Ursuline,Paul,285035.61,2017-03-27,Pending
Kimia,Cob,Kelly,57821.54,2017-06-05,Initial
Cogibox,Kenyon,Kelly,394196.08,2017-01-29,Completed
Nlounge,Garvey,Kelly,362956.68,2017-08-06,Closed
Gabcube,Ora,Lara,154914.36,2017-04-24,Initial
Jabbersphere,Dara,Fred,81282.86,2017-09-10,Initial
Pixonyx,Ozzy,Jason,95845.16,2017-04-12,Closed
Abatz,Catrina,Kelly,347674.90,2016-12-24,Closed
Twitterbridge,Ginger,Lara,311629.69,2017-07-16,Closed
Dabtype,Blair,Lara,103496.47,2016-11-23,Pending
Skaboo,Kermie,Alexander,240405.32,2017-10-18,Churn
Voonyx,Winna,Alexander,192277.33,2017-09-11,Closed
Tavu,Cassi,Lara,232805.36,2016-12-26,Completed
Riffpath,Gail,Fred,194806.97,2017-03-24,Completed
Pixonyx,Jervis,Alexander,177737.65,2017-09-07,Closed
Cogidoo,Shari,Fred,231812.05,2017-02-22,Closed
Voonder,Harland,Lara,154012.99,2017-05-14,Closed
Voolith,Conant,Lara,164869.51,2017-02-18,Churn
Kayveo,Dominique,Alexander,166521.31,2017-03-05,Churn
Meevee,Cobb,Paul,140399.00,2016-11-19,Closed
Youspan,Serene,Paul,220246.52,2017-04-19,Pending
Quire,Bronnie,Lara,225183.35,2016-12-24,Churn
Skyvu,Zacharia,Kelly,77989.27,2016-12-17,Completed
Meejo,Anne,Paul,439992.22,2017-03-16,Completed
Wikibox,Currie,Jason,164008.76,2017-02-04,Completed
Realcube,Natty,Fred,377167.11,2017-08-12,Churn
Buzzshare,Forrester,Paul,157278.94,2017-09-11,Churn
Devcast,Stanford,Paul,325293.94,2017-04-13,Closed
Tagfeed,Phyllida,Fred,200750.89,2016-12-18,Closed
Blogpad,Falkner,Jason,313896.44,2017-09-20,Initial
Tekfly,Krysta,Paul,44300.31,2017-10-03,Closed
Linklinks,Jessalyn,Kelly,179784.79,2017-02-10,Churn
Linklinks,Bondie,Jason,112490.59,2017-10-14,Pending
Gabcube,Eleni,Lara,245027.68,2017-08-25,Completed
Topiclounge,Mallorie,Lara,98074.34,2016-12-23,Closed
Mymm,Bonnee,Lara,462019.76,2017-06-29,Churn
Skyba,Vassili,Paul,410435.28,2017-02-03,Completed
Meevee,Dennie,Alexander,309557.99,2017-06-02,Completed
Jaxworks,Gladi,Paul,129041.43,2017-09-03,Pending
Viva,Dall,Jason,217201.08,2016-11-16,Closed
Wordtune,Izabel,Fred,338406.60,2016-11-21,Churn
Kwinu,Berton,Alexander,494931.08,2016-12-27,Churn
Quire,Jodee,Paul,188426.94,2017-02-07,Completed
Flashdog,Aviva,Paul,355512.84,2016-12-02,Pending
Skyvu,Briano,Kelly,390512.29,2017-07-06,Completed
Yakitri,Alic,Alexander,288855.74,2016-12-15,Initial
Wikizz,Chariot,Alexander,213719.98,2017-08-08,Completed
Meembee,Marillin,Lara,312385.91,2017-04-06,Completed
Tazz,Trixy,Jason,444955.70,2017-01-13,Pending
Riffpath,Annabell,Lara,353465.90,2017-04-11,Pending
Digitube,Sherie,Fred,447901.11,2017-09-11,Pending
Skyndu,Veda,Kelly,328192.83,2016-11-04,Pending
Devcast,Hunfredo,Paul,156466.16,2016-11-25,Pending
Oyonder,Sherman,Alexander,196768.54,2017-05-23,Completed
Riffpedia,Branden,Lara,32707.25,2016-10-22,Initial
Janyx,Spike,Fred,292481.94,2016-12-29,Churn
Janyx,Missie,Fred,91564.50,2016-11-02,Pending
Quimba,Rosy,Jason,269715.66,2017-02-15,Initial
Flipbug,Jammie,Fred,399254.33,2017-03-13,Pending
Zoonder,Pearline,Kelly,93872.66,2017-05-25,Closed
Edgewire,Alfreda,Paul,51791.18,2017-10-16,Pending
Thoughtstorm,Meriel,Alexander,234544.68,2017-02-02,Initial
Edgewire,Imogen,Paul,407203.51,2016-12-16,Initial
Rhyzio,Harwell,Kelly,242939.20,2017-04-12,Pending
Jayo,Saxon,Lara,85305.87,2017-06-23,Pending
Twitterworks,Ardyce,Paul,189215.73,2016-12-20,Completed
Meeveo,Faber,Alexander,93627.96,2017-03-10,Closed
Youspan,Lolly,Fred,260074.48,2017-01-23,Churn
Dynazzy,Gerald,Paul,476591.49,2016-12-25,Churn
Mycat,Samuele,Kelly,81335.82,2017-02-28,Closed
Dynava,Devlin,Paul,65426.91,2016-11-08,Closed
Brightbean,Harald,Paul,148605.53,2016-11-16,Closed
Skimia,Hollyanne,Alexander,261154.75,2017-09-16,Initial
Photojam,Durward,Alexander,441073.89,2017-08-17,Closed
Mita,Rhona,Alexander,161968.96,2017-08-25,Churn
Bubblemix,Silvain,Fred,277829.44,2016-12-19,Initial
Wikibox,Orazio,Jason,483820.48,2016-11-14,Pending
Meejo,Kalindi,Kelly,119422.80,2017-09-03,Initial
Quimba,Onida,Jason,72147.97,2016-12-15,Initial
Avaveo,Allsun,Fred,89208.09,2017-07-27,Pending
Wikizz,Conny,Jason,497368.12,2017-04-30,Churn
Browsedrive,Mason,Kelly,147261.90,2017-04-12,Completed
Twimm,Meryl,Fred,296306.41,2017-05-15,Pending
Yakitri,Jarad,Kelly,63098.42,2017-07-25,Closed
Feedspan,Arie,Kelly,263403.06,2017-08-23,Churn
Dazzlesphere,Lucias,Alexander,454245.04,2016-10-23,Initial
Linkbuzz,Laina,Lara,149850.36,2017-07-03,Completed
Meejo,Barrett,Lara,18410.03,2017-04-10,Initial
Kwinu,Alleyn,Alexander,291616.15,2017-05-01,Initial
Wikivu,Drake,Kelly,122736.94,2017-08-15,Initial
Zoomcast,Junina,Fred,300218.27,2017-03-09,Initial
Skipfire,Lemar,Fred,415830.80,2017-05-04,Closed
Cogilith,Eden,Fred,204538.91,2017-02-16,Completed
Realcube,Nicko,Paul,115653.38,2017-04-22,Closed
Kamba,Carin,Lara,197452.34,2017-08-03,Completed
Rhynyx,Wolfie,Alexander,447786.53,2016-12-28,Pending
Jaxnation,Rakel,Lara,241276.30,2017-05-08,Completed
Ntags,Duke,Paul,285829.29,2017-01-29,Closed
Mynte,Cory,Paul,161130.39,2016-11-03,Completed
Tagcat,Goober,Jason,393707.21,2016-11-08,Churn
Pixonyx,Simonne,Paul,477313.35,2017-10-01,Pending
Devbug,Elwyn,Kelly,137677.01,2017-06-11,Initial
Zoozzy,Giffie,Alexander,495484.39,2016-12-13,Completed
Devbug,Charil,Fred,274951.40,2017-02-04,Completed
Vinder,Caroline,Kelly,363635.88,2017-06-01,Pending
Vinder,Louisa,Lara,136022.90,2016-11-03,Churn
Oodoo,Kathy,Lara,315198.90,2017-03-31,Completed
Ntag,Imogene,Jason,45274.16,2017-03-29,Pending
Dabshots,Therese,Jason,479684.69,2017-03-10,Pending
Photospace,Paddy,Kelly,373556.29,2017-05-15,Initial
Quatz,Arlen,Fred,64667.25,2016-11-21,Pending
Mynte,Evyn,Lara,38504.23,2017-05-12,Closed
Mydo,Daniela,Fred,81506.52,2017-06-11,Initial
Reallinks,Liane,Paul,239272.92,2017-02-25,Initial
Brainlounge,Kylen,Lara,215440.14,2017-04-20,Churn
Einti,Genovera,Alexander,25498.98,2017-08-15,Pending
Kamba,Mia,Lara,327115.37,2017-07-17,Closed
Yozio,Sol,Paul,62539.96,2016-12-31,Initial
Jabbercube,Bryant,Paul,243464.46,2017-02-14,Initial
Roodel,Shamus,Alexander,289282.89,2016-12-31,Initial
Feedfire,Karyn,Alexander,204267.00,2017-06-01,Churn
Voonte,Ernie,Fred,115039.72,2017-09-17,Churn
Yacero,Tamera,Paul,220068.61,2016-11-16,Initial
Meemm,Boot,Lara,54874.20,2017-01-16,Completed
Twitterbridge,Leigha,Lara,415058.74,2016-12-04,Churn
Tekfly,Chev,Fred,477948.36,2017-06-17,Completed
